origin_date_first,target_date,actual_first,persistence_first,arima_first,vs_first,actual_second,persistence_second,arima_second,vs_second,ensemble_second,actual_parity,parity_second
2024-08-11,2024-08-18,6.02,6.02,6.016624816075872,3.5143701457118537,6.02,6.02,6.016622288152674,6.030784389505322,6.020870918558468,6.02,6.010135081873777
2024-08-18,2024-08-25,6.02,6.02,6.02,3.5158500006352225,6.02,6.02,6.02,6.031170526085587,6.023351157825676,6.02,6.017193665727399
2024-08-25,2024-09-01,6.02,6.02,6.02,3.5254737254580597,6.02,6.02,6.02,6.030898645538149,6.023269593661444,6.02,6.020262226880373
2024-09-01,2024-09-08,6.03,6.02,6.02,3.5224593050151727,6.03,6.02,6.02,6.030201907860255,6.023060572358076,6.03,6.0210153325139
2024-09-08,2024-09-15,6.01,6.03,6.033375183924128,3.546040661657841,6.01,6.03,6.033377711847326,6.039241789866097,6.0351369352529565,6.01,6.014298205797115
2024-09-15,2024-09-22,6.01,6.01,6.003249632151745,2.164637376427742,6.01,6.01,6.003244576305349,6.018138633954971,6.007712793600235,6.01,6.001507964765844
2024-09-22,2024-09-29,6.01,6.01,6.01,3.455230081704328,6.01,6.01,6.01,6.019358469850125,6.012807540955038,6.01,6.015245744108193
2024-09-29,2024-10-06,6.01,6.01,6.01,3.538240718204587,6.01,6.01,6.01,6.018915622269415,6.012674686680824,6.01,6.005735727578597
2024-10-06,2024-10-13,6.02,6.01,6.01,3.3455373733555924,6.02,6.01,6.01,6.019322671701926,6.012796801510578,6.02,6.031323367169197
2024-10-13,2024-10-20,6.02,6.02,6.023375183924127,3.4774332714316025,6.02,6.02,6.023377711847325,6.029204395787079,6.02512571702925,6.02,6.0334142318744615
2024-10-20,2024-10-27,6.03,6.02,6.02,3.464437257725622,6.03,6.02,6.02,6.028616494360728,6.022584948308218,6.03,6.001620874465517
2024-10-27,2024-11-03,6.03,6.03,6.033375183924128,3.4904548781877383,6.03,6.03,6.033377711847326,6.038637432610041,6.03495562807614,6.03,6.043853383018683
2024-11-03,2024-11-10,6.05,6.03,6.03,3.519652786575817,6.05,6.03,6.03,6.037974104116244,6.032392231234873,6.05,6.03466315521626
2024-11-10,2024-11-17,6.05,6.05,6.056750367848255,3.527529063086863,6.05,6.05,6.056752100413939,6.058696377483648,6.057335383534851,6.05,6.054812758868127
2024-11-17,2024-11-24,6.06,6.05,6.05,3.570686695988483,6.06,6.05,6.05,6.0579388900626645,6.052381667018799,6.06,6.044154065792584
2024-11-24,2024-12-01,6.1,6.06,6.063375573108199,3.583239095042161,6.1,6.06,6.063376050206969,6.068192113243267,6.064820869117858,6.1,6.075458250649914
2024-12-01,2024-12-08,6.11,6.1,6.113502292432798,3.459320172407234,6.11,6.1,6.113504200827878,6.106983156844742,6.111547887632936,6.11,6.112613938153138
2024-12-08,2024-12-15,6.11,6.11,6.1133755731082005,2.365199840353861,6.11,6.11,6.11337605020697,6.116941481473136,6.11444567958682,6.11,6.105617058841731
2024-12-15,2024-12-22,6.13,6.11,6.11,3.5875547541889583,6.13,6.11,6.11,6.117156610354473,6.112146983106342,6.13,6.126141488803956
2024-12-22,2024-12-29,6.13,6.13,6.136751146216399,3.5584396647373624,6.13,6.13,6.136752100413939,6.137700960080694,6.137036758313965,6.13,6.133537526077794
2024-12-29,2025-01-05,6.14,6.13,6.13,3.658083604603217,6.14,6.13,6.13,6.1379776384529405,6.132393291535882,6.14,6.1368261303030485
2025-01-05,2025-01-12,6.15,6.14,6.143375573108199,3.5188109295420813,6.15,6.14,6.143376050206969,6.148272486218448,6.144844981010412,6.15,6.152590976098285
2025-01-12,2025-01-19,6.17,6.15,6.1533755731082005,3.379017125253536,6.17,6.15,6.15337605020697,6.1578824750624825,6.154727977663623,6.17,6.166427883204715
2025-01-19,2025-01-26,6.18,6.17,6.176751146216399,2.220281683877208,6.18,6.17,6.176752100413939,6.178079982790298,6.177150465126847,6.18,6.186071389402706
2025-01-26,2025-02-02,6.44,6.18,6.183375573108199,2.245471611598179,6.44,6.18,6.183376050206969,6.186524002551144,6.184320435910221,6.44,6.1665955025869765
2025-02-02,2025-02-09,6.47,6.44,6.527764900813195,3.726694346976637,6.47,6.44,6.527777305381209,6.456645111346359,6.506437647170753,6.47,6.506806922642821
2025-02-09,2025-02-16,6.47,6.47,6.480126719324598,1.8911741358130387,6.47,6.47,6.480001577950872,6.474382033933449,6.478315714745644,6.47,6.469797853638705
2025-02-16,2025-02-23,6.46,6.47,6.47,1.8526727842393031,6.46,6.47,6.47,6.476919142453715,6.472075742736115,6.46,6.472631991405993
2025-02-23,2025-03-02,6.44,6.46,6.456624426891801,2.808597436334132,6.44,6.46,6.456666140683042,6.464765963402392,6.459096087498846,6.44,6.453805210045124
2025-03-02,2025-03-09,6.43,6.44,6.433248853783601,2.788934054882576,6.43,6.44,6.433332281366086,6.450128688246375,6.438371203430172,6.43,6.433528535415345
2025-03-09,2025-03-16,6.43,6.43,6.4266244268918,3.682658232988812,6.43,6.43,6.426666140683042,6.43691992699214,6.429742276575771,6.43,6.4092280478432855
2025-03-16,2025-03-23,6.4,6.43,6.43,3.641600768200234,6.4,6.43,6.43,6.437036440435306,6.432110932130591,6.4,6.423855167027921
2025-03-23,2025-03-30,6.38,6.4,6.389873280675402,3.657474958447706,6.38,6.4,6.389998422049128,6.407094251257657,6.395127170811686,6.38,6.401216768177615
2025-03-30,2025-04-06,6.33,6.38,6.3732488537836005,3.688420791055648,6.33,6.38,6.373332281366085,6.37711427857105,6.374466880527574,6.33,6.378268267069147
2025-04-06,2025-04-13,6.28,6.33,6.313122134459001,3.717842726792638,6.28,6.33,6.313330703415214,6.331809550812732,6.318874357634469,6.28,6.297485724880794
2025-04-13,2025-04-20,6.26,6.28,6.263122134459001,3.606532542848151,6.26,6.28,6.263330703415213,6.283312823524882,6.2693253394481125,6.26,6.269137981085555
2025-04-20,2025-04-27,6.22,6.26,6.2532488537836,3.575343115576994,6.22,6.26,6.253332281366085,6.264995819777018,6.256831342889365,6.22,6.26441448152251
2025-04-27,2025-05-04,6.19,6.22,6.206497707567201,3.654273016555681,6.19,6.22,6.20666456273217,6.219444753365042,6.210498619922031,6.19,6.204092494841752
2025-05-04,2025-05-11,6.14,6.19,6.179873280675401,3.845171265900353,6.14,6.19,6.179998422049128,6.191775696370982,6.183531604345685,6.14,6.160133792891403
2025-05-11,2025-05-18,6.1,6.14,6.123122134459001,2.4056205982092185,6.1,6.14,6.123237384009643,6.141051626871094,6.128581656868079,6.1,6.135986943704137
2025-05-18,2025-05-25,6.06,6.1,6.086497707567201,2.644338691318709,6.06,6.1,6.086589907207714,6.102375303186972,6.091325526001491,6.06,6.09939551239796
2025-05-25,2025-06-01,6.05,6.06,6.046559368939041,4.013424135828165,6.05,6.06,6.046589907207714,6.062877454797205,6.051476171484561,6.05,6.045230117368896
2025-06-01,2025-06-08,6.02,6.05,6.04663984223476,4.034707525492237,6.02,6.05,6.046647476801929,6.054894150547411,6.0491214789255725,6.02,6.038149382950481
2025-06-08,2025-06-15,6.02,6.02,6.009919526704281,4.0442844769060144,6.02,6.02,6.009942430405785,6.024569886447199,6.014330667218209,6.02,6.019296698135133
2025-06-15,2025-06-22,6.05,6.02,6.02,3.9808014666939338,6.05,6.02,6.02,6.025763764427118,6.021729129328135,6.05,6.043081257408242
2025-06-22,2025-06-29,6.05,6.05,6.060080473295718,3.694084735299272,6.05,6.05,6.060057569594214,6.056636199012937,6.05903115841983,6.05,6.072944811306516
2025-06-29,2025-07-06,6.04,6.05,6.05,3.7920937046740057,6.04,6.05,6.05,6.05631395403997,6.051894186211991,6.04,6.026733569476971
2025-07-06,2025-07-13,6.03,6.04,6.03663984223476,4.167073243929529,6.03,6.04,6.036647476801929,6.046102304283642,6.039483925046443,6.03,6.044468682475058
2025-07-13,2025-07-20,6.03,6.03,6.0266398422347605,4.167615993309523,6.03,6.03,6.026647476801929,6.0365149627793295,6.029607722595149,6.03,6.037775346091835
2025-07-20,2025-07-27,6.04,6.03,6.03,4.102018775650204,6.04,6.03,6.03,6.03821491587972,6.032464474763916,6.04,6.029537727334237
2025-07-27,2025-08-03,6.06,6.04,6.04336015776524,4.158711140459757,6.06,6.04,6.043352523198071,6.048594497602749,6.044925115519474,6.06,6.038257465105743
2025-08-03,2025-08-10,6.06,6.06,6.066720315530478,4.222985997272884,6.06,6.06,6.066705046396142,6.068936017229261,6.067374337646077,6.06,6.055325727395204
2025-08-10,2025-08-17,6.07,6.06,6.06,4.218015955882749,6.07,6.06,6.06,6.068620864186387,6.062586259255915,6.07,6.05315282219568
2025-08-17,2025-08-24,6.07,6.07,6.07336015776524,4.105656696443191,6.07,6.07,6.073358749156918,6.079034631759378,6.075061513937655,6.07,6.06603697921754
2025-08-24,2025-08-31,6.06,6.07,6.07,4.073918841664502,6.06,6.07,6.07,6.079194550785539,6.072758365235662,6.06,6.0804693639043705
2025-08-31,2025-09-07,6.06,6.06,6.05663984223476,4.143838188937769,6.06,6.06,6.056641250843082,6.070239611078609,6.060720758913741,6.06,6.052753390905695
2025-09-07,2025-09-14,6.06,6.06,6.06,4.107144344015958,6.06,6.06,6.06,6.070457564589093,6.063137269376727,6.06,6.060923292620949
2025-09-14,2025-09-21,6.06,6.06,6.06,4.006654556468769,6.06,6.06,6.06,6.070245581456325,6.063073674436897,6.06,6.059217748316732
2025-09-21,2025-09-28,6.06,6.06,6.06,4.090686212056095,6.06,6.06,6.06,6.070129374002145,6.063038812200642,6.06,6.059326609885124
2025-09-28,2025-10-05,6.06,6.06,6.06,4.067150713018585,6.06,6.06,6.06,6.069807184098058,6.0629421552294165,6.06,6.073255299189494
2025-10-05,2025-10-12,6.06,6.06,6.06,4.088380047724527,6.06,6.06,6.06,6.069886607600477,6.062965982280142,6.06,6.041777663875341
2025-10-12,2025-10-19,6.05,6.06,6.06,4.043373520870949,6.05,6.06,6.06,6.069755875449292,6.0629267626347865,6.05,6.06086109531851
2025-10-19,2025-10-26,6.05,6.05,6.04663984223476,4.041754107741279,6.05,6.05,6.046641250843083,6.059550683771571,6.050514080721629,6.05,6.04467447689898
2025-10-26,2025-11-02,6.07,6.05,6.05,2.605693744999157,6.07,6.05,6.05,6.059570591873513,6.052871177562054,6.07,6.069309585745409
2025-11-02,2025-11-09,6.06,6.07,6.07672031553048,4.117660254557711,6.06,6.07,6.076717498313834,6.079549310533592,6.077567041979761,6.06,6.078427983360145
2025-11-09,2025-11-16,6.06,6.06,6.05663984223476,2.803156850262288,6.06,6.06,6.05664274063274,6.068929860606136,6.060328876624759,6.06,6.060816943238385
2025-11-16,2025-11-23,6.07,6.06,6.06,4.120769415400125,6.07,6.06,6.06,6.068885953241261,6.062665785972378,6.07,6.061885125280012
2025-11-23,2025-11-30,6.07,6.07,6.073357144328471,4.099790823478685,6.07,6.07,6.07335725936726,6.078979199863877,6.075043841516244,6.07,6.070166573514493
2025-11-30,2025-12-07,6.07,6.07,6.07,4.168592657126446,6.07,6.07,6.07,6.079248333882815,6.072774500164844,6.07,6.056325711315434
2025-12-07,2025-12-14,6.08,6.07,6.07,4.216966160344813,6.08,6.07,6.07,6.078974999134977,6.0726924997404925,6.08,6.073231482275499
2025-12-14,2025-12-21,6.08,6.08,6.0833571443284695,4.241372721319736,6.08,6.08,6.08335725936726,6.089035263426433,6.085060660585011,6.08,6.06940273647312
2025-12-21,2025-12-28,6.07,6.08,6.08,4.210943178631764,6.07,6.08,6.08,6.089039360740634,6.082711808222189,6.07,6.077048256302323
2025-12-28,2026-01-04,6.12,6.07,6.066642855671531,4.250367298362777,6.12,6.07,6.066642740632741,6.07885141122727,6.070305341811099,6.12,6.066864288586887
2026-01-04,2026-01-11,6.12,6.12,6.136785721642349,4.125586985344061,6.12,6.12,6.136786296836297,6.129139711222033,6.134492321152017,6.12,6.130612812022001
2026-01-11,2026-01-18,6.12,6.12,6.12,2.920228394670624,6.12,6.12,6.12,6.128352832034884,6.122505849610465,6.12,6.119561996808028
2026-01-18,2026-01-25,6.11,6.12,6.12,4.383395901844019,6.11,6.12,6.12,6.1283564125874594,6.122506923776237,6.11,6.131037442294138
2026-01-25,2026-02-01,6.12,6.11,6.106642855671531,4.095076013645753,6.12,6.11,6.106642740632741,6.117803470529192,6.109990959601676,6.12,6.121674083419693
2026-02-01,2026-02-08,6.11,6.12,6.12335714432847,4.150257155044777,6.11,6.12,6.12335725936726,6.129219748061585,6.125116005975557,6.11,6.146756167807027
2026-02-08,2026-02-15,6.1,6.11,6.106642855671531,2.6527247097654505,6.1,6.11,6.106648695769139,6.118835406931353,6.110304709117803,6.1,6.080656939151663
2026-02-15,2026-02-22,6.09,6.1,6.096642855671529,4.296970078953155,6.09,6.1,6.096648695769138,6.108893846005349,6.100322240840001,6.09,6.0949590385695664
2026-02-22,2026-03-01,6.15,6.09,6.08664285567153,4.397416077746732,6.15,6.09,6.086648695769139,6.098941269708313,6.090336467950891,6.15,6.102935998958649
2026-03-01,2026-03-08,6.89,6.15,6.17014286597082,4.28502145673006,6.89,6.15,6.170107825385168,6.158861355683028,6.166733884474525,6.89,6.171497400299881
2026-03-08,2026-03-15,7.35,6.89,7.138428680306769,3.041909654390483,7.35,6.89,7.13799651308373,6.897688285694836,7.065904044867063,7.35,7.175718792976675
2026-03-15,2026-03-22,7.57,7.35,7.504428639109613,1.2910098080573442,7.57,7.35,7.504159994619616,7.369853839975931,7.46386814822651,7.57,7.524433391191728
2026-03-22,2026-03-29,7.58,7.57,7.643857175226338,2.213231720382544,7.58,7.57,7.643728693078947,7.581961066740763,7.625198405177492,7.58,7.688656349596438
2026-03-29,2026-04-05,7.58,7.58,7.583357144328469,1.1864908045354954,7.58,7.58,7.583351304230861,7.585611856168804,7.5840294698122435,7.58,7.57423952830013
2026-04-05,2026-04-12,7.51,7.58,7.58,1.7141047941150938,7.51,7.58,7.58,7.581238228476112,7.580371468542833,7.51,7.567696138339693
2026-04-12,2026-04-19,7.38,7.51,7.486499989700711,1.6779949391375768,7.38,7.51,7.486540870383971,7.506824338066522,7.492625910688736,7.38,7.436255717329
2026-04-19,2026-04-26,7.28,7.38,7.336357123729892,1.751877880983986,7.28,7.38,7.336433044998804,7.371081323816902,7.3468275286442335,7.28,7.302833468067944
2026-04-26,2026-05-03,7.24,7.28,7.246428556715301,2.2374493557154342,7.24,7.28,7.246486957691388,7.270096186024366,7.253569726191281,7.24,7.28960624395331
2026-05-03,2026-05-10,7.2,7.24,7.226571422686121,2.164148717358207,7.2,7.24,7.226594783076555,7.234283156168694,7.228901295004197,7.2,7.229496014659614
2026-05-10,2026-05-17,7.16,7.2,7.186571422686121,2.091076449192286,7.16,7.2,7.18412860816291,7.192187129673788,7.186546164616173,7.16,7.177638137779875
2026-05-17,2026-05-24,7.13,7.16,7.146571422686121,4.354525936973458,7.13,7.16,7.14412860816291,7.153428395808299,7.1469185444565255,7.13,7.16663269759581
2026-05-24,2026-05-31,7.12,7.13,7.118084282221961,3.14250271933737,7.12,7.13,7.118096456122182,7.124948394248354,7.120152037560034,7.12,7.105012617933338
2026-05-31,2026-06-07,7.11,7.12,7.116028094073988,2.7604447515075368,7.11,7.12,7.116032152040727,7.117422051380295,7.116449121842598,7.11,7.092642812565319
2026-06-07,2026-06-14,7.09,7.11,7.106028094073987,3.634541451356926,7.09,7.11,7.106032152040728,7.107496379663127,7.106471420327447,7.09,7.113978108196987
2026-06-14,2026-06-21,7.05,7.09,7.082056188147974,3.924785947675061,7.05,7.09,7.082064304081454,7.086354658832643,7.08335141050681,7.05,7.066482356957841
2026-06-21,2026-06-28,7.02,7.05,7.0341123762959485,4.477944851368657,7.02,7.05,7.034128608162909,7.043972648433405,7.037081820244058,7.02,7.016102381860527
2026-06-28,2026-07-05,6.97,7.02,7.008084282221961,4.733636151186,6.97,7.02,7.008096456122182,7.015676226415401,7.010370387210147,6.97,7.017694250021552
2026-07-05,2026-07-12,6.94,6.97,6.950140470369936,3.15028560161763,6.94,6.97,6.950160760203636,6.965002994389944,6.954613430459528,6.94,6.950257550205174
2026-07-12,2026-07-19,6.95,6.94,6.928084282221962,4.746838270792918,6.95,6.94,6.928096456122183,6.93626126423031,6.93054589855462,6.95,6.955314670306541
2026-07-19,2026-07-26,6.95,6.95,6.9539719059260126,4.874166898371582,6.95,6.95,6.953967847959273,6.950317185625888,6.952872649259257,6.95,6.989371992709909
2026-07-26,2026-08-02,6.94,6.95,6.95,4.925927850281719,6.94,6.95,6.95,6.946682551341646,6.949004765402494,6.94,6.954381657797321
2026-08-02,2026-08-09,6.91,6.94,6.936028094073988,5.594348711690441,6.91,6.94,6.936032152040728,6.936095682796165,6.936051211267358,6.91,6.933089637969298
